[
	{
		"id" : 1,
		"name" : "中國文學系",
		"created_at" : "2021-08-08 08:08:08",
		"updated_at" : "2021-08-08 08:08:08"
	},
	{
		"id" : 2,
		"name" : "電機工程系",
		"created_at" : "2022-08-20 10:08:08",
		"updated_at" : "2022-08-20 10:08:08"
	},
	{
		"id" : 3,
		"name" : "大氣科學系",
		"created_at" : "2022-03-08 10:08:05",
		"updated_at" : "2022-03-08 10:08:05"
	},
	{
		"id" : 4,
		"name" : "生命科學系",
		"created_at" : "2021-03-03 09:08:08",
		"updated_at" : "2021-03-03 09:08:08"
	},
	{
		"id" : 5,
		"name" : "經濟學系",
		"created_at" : "2020-01-02 08:08:08",
		"updated_at" : "2020-01-02 08:08:08"
	},
	{
		"id" : 6,
		"name" : "外語文學系",
		"created_at" : "2021-08-08 08:08:08",
		"updated_at" : "2021-08-08 08:08:08"
	},
	{
		"id" : 7,
		"name" : "心理學系",
		"created_at" : "2022-08-20 10:08:08",
		"updated_at" : "2022-08-20 10:08:08"
	},
	{
		"id" : 8,
		"name" : "土本工程學系",
		"created_at" : "2022-03-08 10:08:05",
		"updated_at" : "2022-03-08 10:08:05"
	},
	{
		"id" : 9,
		"name" : "哲學系",
		"created_at" : "2021-03-03 09:08:08",
		"updated_at" : "2021-03-03 09:08:08"
	},
	{
		"id" : 10,
		"name" : "社會學系",
		"created_at" : "2020-01-02 08:08:08",
		"updated_at" : "2020-01-02 08:08:08"
	},
	{
		"id" : 11,
		"name" : "會計學系",
		"created_at" : "2022-08-20 10:08:08",
		"updated_at" : "2022-08-20 10:08:08"
	},
	{
		"id" : 12,
		"name" : "工商管理學系",
		"created_at" : "2022-03-08 10:08:05",
		"updated_at" : "2022-03-08 10:08:05"
	},
	{
		"id" : 13,
		"name" : "資訊工程學系",
		"created_at" : "2022-03-08 10:08:05",
		"updated_at" : "2022-03-08 10:08:05"
	},
	{
		"id" : 14,
		"name" : "化學系",
		"created_at" : "2022-03-08 10:08:05",
		"updated_at" : "2022-03-08 10:08:05"
	},
	{
		"id" : 15,
		"name" : "牙醫學系",
		"created_at" : "2021-03-03 09:08:08",
		"updated_at" : "2021-03-03 09:08:08"
	},
	{
		"id" : 16,
		"name" : "法律學系",
		"created_at" : "2020-01-02 08:08:08",
		"updated_at" : "2020-01-02 08:08:08"
	},
	{
		"id" : 17,
		"name" : "數學系",
		"created_at" : "2020-01-02 08:08:08",
		"updated_at" : "2020-01-02 08:08:08"
	},
	{
		"id" : 18,
		"name" : "公共衛生學系",
		"created_at" : "2020-01-02 08:08:08",
		"updated_at" : "2020-01-02 08:08:08"
	}
]
