[
	{
		"id" : 1,
		"course_id" : 1,
		"student_id" : 1,
		"created_at" : "2021-08-08 08:08:08",
		"updated_at" : "2021-08-08 08:08:08"
	},
	{
		"id" : 2,
		"course_id" : 1,
		"student_id" : 2,
		"created_at" : "2021-08-08 08:08:08",
		"updated_at" : "2021-08-08 08:08:08"
	},
	{
		"id" : 3,
		"course_id" : 2,
		"student_id" : 2,
		"created_at" : "2022-08-20 10:08:08",
		"updated_at" : "2022-08-20 10:08:08"
	},
	{
		"id" : 4,
		"course_id" : 2,
		"student_id" : 3,
		"created_at" : "2022-08-20 10:08:08",
		"updated_at" : "2022-08-20 10:08:08"
	},
	{
		"id" : 5,
		"course_id" : 2,
		"student_id" : 1,
		"created_at" : "2022-08-20 10:08:08",
		"updated_at" : "2022-08-20 10:08:08"
	},
	{
		"id" : 6,
		"course_id" : 3,
		"student_id" : 3,
		"created_at" : "2022-03-08 10:08:05",
		"updated_at" : "2022-03-08 10:08:05"
	},
	{
		"id" : 7,
		"course_id" : 3,
		"student_id" : 4,
		"created_at" : "2022-03-08 10:08:05",
		"updated_at" : "2022-03-08 10:08:05"
	},
	{
		"id" : 8,
		"course_id" : 4,
		"student_id" : 4,
		"created_at" : "2021-03-03 09:08:08",
		"updated_at" : "2021-03-03 09:08:08"
	},
	{
		"id" : 9,
		"course_id" : 4,
		"student_id" : 1,
		"created_at" : "2021-03-03 09:08:08",
		"updated_at" : "2021-03-03 09:08:08"
	},
	{
		"id" : 10,
		"course_id" : 5,
		"student_id" : 5,
		"created_at" : "2020-01-02 08:08:08",
		"updated_at" : "2020-01-02 08:08:08"
	},
	{
		"id" : 11,
		"course_id" : 5,
		"student_id" : 3,
		"created_at" : "2020-01-02 08:08:08",
		"updated_at" : "2020-01-02 08:08:08"
	},
	{
		"id" : 12,
		"course_id" : 5,
		"student_id" : 2,
		"created_at" : "2020-01-02 08:08:08",
		"updated_at" : "2020-01-02 08:08:08"
	},
	{
		"id" : 13,
		"course_id" : 5,
		"student_id" : 1,
		"created_at" : "2020-01-02 08:08:08",
		"updated_at" : "2020-01-02 08:08:08"
	},
	{
		"id" : 14,
		"course_id" : 3,
		"student_id" : 1,
		"created_at" : "2022-03-08 10:08:05",
		"updated_at" : "2022-03-08 10:08:05"
	},
	{
		"id" : 15,
		"course_id" : 3,
		"student_id" : 2,
		"created_at" : "2022-03-08 10:08:05",
		"updated_at" : "2022-03-08 10:08:05"
	},
	{
		"id" : 16,
		"course_id" : 3,
		"student_id" : 5,
		"created_at" : "2022-03-08 10:08:05",
		"updated_at" : "2022-03-08 10:08:05"
	},
	{
		"id" : 17,
		"course_id" : 6,
		"student_id" : 3,
		"created_at" : "2021-08-08 08:08:08",
		"updated_at" : "2021-08-08 08:08:08"
	},
	{
		"id" : 18,
		"course_id" : 6,
		"student_id" : 4,
		"created_at" : "2021-08-08 08:08:08",
		"updated_at" : "2021-08-08 08:08:08"
	},
	{
		"id" : 19,
		"course_id" : 6,
		"student_id" : 5,
		"created_at" : "2021-08-08 08:08:08",
		"updated_at" : "2021-08-08 08:08:08"
	},
	{
		"id" : 20,
		"course_id" : 7,
		"student_id" : 4,
		"created_at" : "2022-08-20 10:08:08",
		"updated_at" : "2022-08-20 10:08:08"
	},
	{
		"id" : 21,
		"course_id" : 7,
		"student_id" : 1,
		"created_at" : "2022-08-20 10:08:08",
		"updated_at" : "2022-08-20 10:08:08"
	},
	{
		"id" : 22,
		"course_id" : 7,
		"student_id" : 2,
		"created_at" : "2022-08-20 10:08:08",
		"updated_at" : "2022-08-20 10:08:08"
	},
	{
		"id" : 23,
		"course_id" : 8,
		"student_id" : 1,
		"created_at" : "2022-03-08 10:08:05",
		"updated_at" : "2022-03-08 10:08:05"
	},
	{
		"id" : 24,
		"course_id" : 8,
		"student_id" : 2,
		"created_at" : "2022-03-08 10:08:05",
		"updated_at" : "2022-03-08 10:08:05"
	},
	{
		"id" : 25,
		"course_id" : 8,
		"student_id" : 3,
		"created_at" : "2022-03-08 10:08:05",
		"updated_at" : "2022-03-08 10:08:05"
	},
	{
		"id" : 26,
		"course_id" : 8,
		"student_id" : 4,
		"created_at" : "2022-03-08 10:08:05",
		"updated_at" : "2022-03-08 10:08:05"
	},
	{
		"id" : 27,
		"course_id" : 8,
		"student_id" : 5,
		"created_at" : "2022-03-08 10:08:05",
		"updated_at" : "2022-03-08 10:08:05"
	},
	{
		"id" : 28,
		"course_id" : 9,
		"student_id" : 1,
		"created_at" : "2021-03-03 09:08:08",
		"updated_at" : "2021-03-03 09:08:08"
	},
	{
		"id" : 29,
		"course_id" : 9,
		"student_id" : 2,
		"created_at" : "2021-03-03 09:08:08",
		"updated_at" : "2021-03-03 09:08:08"
	},
	{
		"id" : 30,
		"course_id" : 9,
		"student_id" : 3,
		"created_at" : "2021-03-03 09:08:08",
		"updated_at" : "2021-03-03 09:08:08"
	},
	{
		"id" : 31,
		"course_id" : 9,
		"student_id" : 5,
		"created_at" : "2021-03-03 09:08:08",
		"updated_at" : "2021-03-03 09:08:08"
	},
	{
		"id" : 32,
		"course_id" : 10,
		"student_id" : 1,
		"created_at" : "2020-01-02 08:08:08",
		"updated_at" : "2020-01-02 08:08:08"
	},
	{
		"id" : 33,
		"course_id" : 11,
		"student_id" : 2,
		"created_at" : "2022-08-20 10:08:08",
		"updated_at" : "2022-08-20 10:08:08"
	},
	{
		"id" : 34,
		"course_id" : 11,
		"student_id" : 3,
		"created_at" : "2022-08-20 10:08:08",
		"updated_at" : "2022-08-20 10:08:08"
	},
	{
		"id" : 35,
		"course_id" : 12,
		"student_id" : 3,
		"created_at" : "2022-03-08 10:08:05",
		"updated_at" : "2022-03-08 10:08:05"
	},
	{
		"id" : 36,
		"course_id" : 12,
		"student_id" : 4,
		"created_at" : "2022-03-08 10:08:05",
		"updated_at" : "2022-03-08 10:08:05"
	},
	{
		"id" : 37,
		"course_id" : 12,
		"student_id" : 5,
		"created_at" : "2022-03-08 10:08:05",
		"updated_at" : "2022-03-08 10:08:05"
	},
	{
		"id" : 38,
		"course_id" : 13,
		"student_id" : 1,
		"created_at" : "2022-03-08 10:08:05",
		"updated_at" : "2022-03-08 10:08:05"
	},
	{
		"id" : 39,
		"course_id" : 13,
		"student_id" : 2,
		"created_at" : "2022-03-08 10:08:05",
		"updated_at" : "2022-03-08 10:08:05"
	},
	{
		"id" : 40,
		"course_id" : 13,
		"student_id" : 3,
		"created_at" : "2022-03-08 10:08:05",
		"updated_at" : "2022-03-08 10:08:05"
	},
	{
		"id" : 41,
		"course_id" : 14,
		"student_id" : 1,
		"created_at" : "2022-03-08 10:08:05",
		"updated_at" : "2022-03-08 10:08:05"
	},
	{
		"id" : 42,
		"course_id" : 14,
		"student_id" : 2,
		"created_at" : "2022-03-08 10:08:05",
		"updated_at" : "2022-03-08 10:08:05"
	},
	{
		"id" : 43,
		"course_id" : 15,
		"student_id" : 1,
		"created_at" : "2021-03-03 09:08:08",
		"updated_at" : "2021-03-03 09:08:08"
	},
	{
		"id" : 44,
		"course_id" : 15,
		"student_id" : 3,
		"created_at" : "2021-03-03 09:08:08",
		"updated_at" : "2021-03-03 09:08:08"
	},
	{
		"id" : 45,
		"course_id" : 15,
		"student_id" : 4,
		"created_at" : "2021-03-03 09:08:08",
		"updated_at" : "2021-03-03 09:08:08"
	},
	{
		"id" : 46,
		"course_id" : 16,
		"student_id" : 5,
		"created_at" : "2021-03-03 09:08:08",
		"updated_at" : "2021-03-03 09:08:08"
	},
	{
		"id" : 47,
		"course_id" : 17,
		"student_id" : 1,
		"created_at" : "2020-01-02 08:08:08",
		"updated_at" : "2020-01-02 08:08:08"
	},
	{
		"id" : 48,
		"course_id" : 17,
		"student_id" : 4,
		"created_at" : "2020-01-02 08:08:08",
		"updated_at" : "2020-01-02 08:08:08"
	},
	{
		"id" : 50,
		"course_id" : 18,
		"student_id" : 3,
		"created_at" : "2020-01-02 08:08:08",
		"updated_at" : "2020-01-02 08:08:08"
	},
	{
		"id" : 51,
		"course_id" : 18,
		"student_id" : 1,
		"created_at" : "2020-01-02 08:08:08",
		"updated_at" : "2020-01-02 08:08:08"
	},
	{
		"id" : 52,
		"course_id" : 18,
		"student_id" : 2,
		"created_at" : "2020-01-02 08:08:08",
		"updated_at" : "2020-01-02 08:08:08"
	},
	{
		"id" : 53,
		"course_id" : 18,
		"student_id" : 4,
		"created_at" : "2020-01-02 08:08:08",
		"updated_at" : "2020-01-02 08:08:08"
	},
	{
		"id" : 54,
		"course_id" : 18,
		"student_id" : 5,
		"created_at" : "2020-01-02 08:08:08",
		"updated_at" : "2020-01-02 08:08:08"
	}
]
