[
	{
		"id": 1,
		"name": "mary",
		"phone": "0988255888",
		"account": "mary",
		"password": "mary1",
		"email": "mary@com.com",
		"address": "新竹市東區西門街50號",
		"avatar_image": "https://i.imgur.com/JL93zDj.jpeg",
		"working": true,
		"created_at": "2021-08-08 08:08:08",
		"updated_at": "2021-08-08 08:08:08"
	},
	{
		"id": 2,
		"name": "bob",
		"phone": "0981111111",
		"account": "bob",
		"password": "bob1",
		"email": "bob@com.com",
		"address": "新竹市北區北門街250號",
		"avatar_image": "https://cloudflare-ipfs.com/ipfs/Qmd3W5DuhgHirLHGVixi6V76LhCkZUz6pnFt5AJBiyvHye/avatar/783.jpg",
		"working": true,
		"created_at": "2022-08-20 10:08:08",
		"updated_at": "2022-08-20 10:08:08"
	},
	{
		"id": 3,
		"name": "dany",
		"phone": "0922666555",
		"account": "dany",
		"password": "dany1",
		"email": "dany@com.com",
		"address": "新竹市東區南門街10號",
		"avatar_image": "https://cloudflare-ipfs.com/ipfs/Qmd3W5DuhgHirLHGVixi6V76LhCkZUz6pnFt5AJBiyvHye/avatar/299.jpg",
		"working": true,
		"created_at": "2022-03-08 10:08:08",
		"updated_at": "2022-03-08 10:08:00"
	},
	{
		"id": 4,
		"name": "amy",
		"phone": "0977111999",
		"account": "amy",
		"password": "amy1",
		"email": "amy@com.com",
		"address": "新竹市香山區中門街33號",
		"avatar_image": "https://cloudflare-ipfs.com/ipfs/Qmd3W5DuhgHirLHGVixi6V76LhCkZUz6pnFt5AJBiyvHye/avatar/781.jpg",
		"working": true,
		"created_at": "2021-03-03 09:08:08",
		"updated_at": "2021-03-03 09:08:08"
	},
	{
		"id": 5,
		"name": "john",
		"phone": "0933333333",
		"account": "john",
		"password": "john1",
		"email": "john@com.com",
		"address": "新竹香山區西門街69號",
		"avatar_image": "https://cloudflare-ipfs.com/ipfs/Qmd3W5DuhgHirLHGVixi6V76LhCkZUz6pnFt5AJBiyvHye/avatar/688.jpg",
		"working": true,
		"created_at": "2020-01-02 08:08:08",
		"updated_at": "2020-01-02 08:08:08"
	},
	{
		"id": 6,
		"name": "candy",
		"phone": "0999668877",
		"account": "candy",
		"password": "candy1",
		"email": "candy@com.com",
		"address": "新竹市東區中正路155號",
		"avatar_image": "https://cloudflare-ipfs.com/ipfs/Qmd3W5DuhgHirLHGVixi6V76LhCkZUz6pnFt5AJBiyvHye/avatar/780.jpg",
		"working": true,
		"created_at": "2021-03-03 09:08:08",
		"updated_at": "2021-03-03 09:08:08"
	}
]