{
  "swagger": "2.0",
  "info": {
    "version": "1.0.0",
    "title": "Subject System REST API",
    "description": ""
  },
  "host": "subjectsystem.first-aws-project.com",
  "basePath": "/",
  "tags": [
    {
      "name": "Teacher",
      "description": "everything about teachers",
      "externalDocs": {
        "description": "Find out more",
        "url": "subjectsystem.first-aws-project.com"
      }
    },
    {
      "name": "Student",
      "description": "everything about students",
      "externalDocs": {
        "description": "Find out more",
        "url": "subjectsystem.first-aws-project.com"
      }
    },
    {
      "name": "Department",
      "description": "everything about departments",
      "externalDocs": {
        "description": "Find out more",
        "url": "subjectsystem.first-aws-project.com"
      }
    },
    {
      "name": "Course",
      "description": "everything about courses",
      "externalDocs": {
        "description": "Find out more",
        "url": "subjectsystem.first-aws-project.com"
      }
    },
    {
      "name": "StudentCourse",
      "description": "everything about studentcourses"
    },
    {
      "name": "Home",
      "description": "Hello World"
    }
  ],
  "schemes": [
    "http",
    "https"
  ],
  "securityDefinitions": {},
  "paths": {
    "/": {
      "get": {
        "description": "",
        "parameters": [],
        "responses": {
          "200": {
            "description": "OK"
          }
        }
      }
    },
    "/api/studentcourses/": {
      "post": {
        "tags": [
          "StudentCourse"
        ],
        "description": "",
        "parameters": [
          {
            "name": "body",
            "in": "body",
            "schema": {
              "type": "object",
              "properties": {
                "studentId": {
                  "example": "any"
                },
                "courseId": {
                  "example": "any"
                }
              }
            }
          }
        ],
        "responses": {
          "200": {
            "description": "OK"
          },
          "404": {
            "description": "Not Found"
          }
        }
      },
      "put": {
        "tags": [
          "StudentCourse"
        ],
        "description": "",
        "parameters": [
          {
            "name": "body",
            "in": "body",
            "schema": {
              "type": "object",
              "properties": {
                "studentId": {
                  "example": "any"
                },
                "courseId": {
                  "example": "any"
                },
                "newCourseId": {
                  "example": "any"
                }
              }
            }
          }
        ],
        "responses": {
          "200": {
            "description": "OK"
          },
          "404": {
            "description": "Not Found"
          }
        }
      }
    },
    "/api/studentcourses/{c_id}": {
      "delete": {
        "tags": [
          "StudentCourse"
        ],
        "description": "",
        "parameters": [
          {
            "name": "c_id",
            "in": "path",
            "required": true,
            "type": "string"
          },
          {
            "name": "body",
            "in": "body",
            "schema": {
              "type": "object",
              "properties": {
                "studentId": {
                  "example": "any"
                }
              }
            }
          }
        ],
        "responses": {
          "200": {
            "description": "OK"
          },
          "404": {
            "description": "Not Found"
          }
        }
      }
    },
    "/api/courses/": {
      "post": {
        "tags": [
          "Course"
        ],
        "description": "",
        "parameters": [
          {
            "name": "body",
            "in": "body",
            "schema": {
              "type": "object",
              "properties": {
                "className": {
                  "example": "any"
                }
              }
            }
          }
        ],
        "responses": {
          "200": {
            "description": "OK"
          },
          "404": {
            "description": "Not Found"
          }
        }
      },
      "get": {
        "tags": [
          "Course"
        ],
        "description": "",
        "parameters": [],
        "responses": {
          "200": {
            "description": "OK"
          }
        }
      }
    },
    "/api/courses/{c_id}": {
      "get": {
        "tags": [
          "Course"
        ],
        "description": "",
        "parameters": [
          {
            "name": "c_id",
            "in": "path",
            "required": true,
            "type": "string"
          }
        ],
        "responses": {
          "200": {
            "description": "OK"
          },
          "404": {
            "description": "Not Found"
          }
        }
      },
      "put": {
        "tags": [
          "Course"
        ],
        "description": "",
        "parameters": [
          {
            "name": "c_id",
            "in": "path",
            "required": true,
            "type": "string"
          }
        ],
        "responses": {
          "200": {
            "description": "OK"
          },
          "404": {
            "description": "Not Found"
          }
        }
      },
      "delete": {
        "tags": [
          "Course"
        ],
        "description": "",
        "parameters": [
          {
            "name": "c_id",
            "in": "path",
            "required": true,
            "type": "string"
          }
        ],
        "responses": {
          "200": {
            "description": "OK"
          },
          "404": {
            "description": "Not Found"
          }
        }
      }
    },
    "/api/courses/{c_id}/students": {
      "get": {
        "tags": [
          "Course"
        ],
        "description": "",
        "parameters": [
          {
            "name": "c_id",
            "in": "path",
            "required": true,
            "type": "string"
          }
        ],
        "responses": {
          "200": {
            "description": "OK"
          },
          "404": {
            "description": "Not Found"
          }
        }
      }
    },
    "/api/teachers/": {
      "post": {
        "tags": [
          "Teacher"
        ],
        "description": "",
        "parameters": [
          {
            "name": "body",
            "in": "body",
            "schema": {
              "type": "object",
              "properties": {
                "account": {
                  "example": "any"
                },
                "name": {
                  "example": "any"
                },
                "phone": {
                  "example": "any"
                },
                "password": {
                  "example": "any"
                },
                "email": {
                  "example": "any"
                },
                "address": {
                  "example": "any"
                },
                "avatarImage": {
                  "example": "any"
                },
                "working": {
                  "example": "any"
                }
              }
            }
          }
        ],
        "responses": {
          "200": {
            "description": "OK"
          },
          "404": {
            "description": "Not Found"
          }
        }
      },
      "get": {
        "tags": [
          "Teacher"
        ],
        "description": "",
        "parameters": [],
        "responses": {
          "200": {
            "description": "OK"
          }
        }
      }
    },
    "/api/teachers/{t_id}": {
      "get": {
        "tags": [
          "Teacher"
        ],
        "description": "",
        "parameters": [
          {
            "name": "t_id",
            "in": "path",
            "required": true,
            "type": "string"
          }
        ],
        "responses": {
          "200": {
            "description": "OK"
          },
          "404": {
            "description": "Not Found"
          }
        }
      },
      "put": {
        "tags": [
          "Teacher"
        ],
        "description": "",
        "parameters": [
          {
            "name": "t_id",
            "in": "path",
            "required": true,
            "type": "string"
          },
          {
            "name": "body",
            "in": "body",
            "schema": {
              "type": "object",
              "properties": {
                "account": {
                  "example": "any"
                }
              }
            }
          }
        ],
        "responses": {
          "200": {
            "description": "OK"
          },
          "404": {
            "description": "Not Found"
          }
        }
      },
      "delete": {
        "tags": [
          "Teacher"
        ],
        "description": "",
        "parameters": [
          {
            "name": "t_id",
            "in": "path",
            "required": true,
            "type": "string"
          }
        ],
        "responses": {
          "200": {
            "description": "OK"
          },
          "404": {
            "description": "Not Found"
          }
        }
      }
    },
    "/api/teachers/{t_id}/courses": {
      "get": {
        "tags": [
          "Teacher"
        ],
        "description": "",
        "parameters": [
          {
            "name": "t_id",
            "in": "path",
            "required": true,
            "type": "string"
          }
        ],
        "responses": {
          "200": {
            "description": "OK"
          },
          "404": {
            "description": "Not Found"
          }
        }
      }
    },
    "/api/students/": {
      "post": {
        "tags": [
          "Student"
        ],
        "description": "",
        "parameters": [
          {
            "name": "body",
            "in": "body",
            "schema": {
              "type": "object",
              "properties": {
                "account": {
                  "example": "any"
                },
                "name": {
                  "example": "any"
                },
                "phone": {
                  "example": "any"
                },
                "password": {
                  "example": "any"
                },
                "email": {
                  "example": "any"
                },
                "address": {
                  "example": "any"
                },
                "avatarImage": {
                  "example": "any"
                },
                "learning": {
                  "example": "any"
                }
              }
            }
          }
        ],
        "responses": {
          "200": {
            "description": "OK"
          },
          "404": {
            "description": "Not Found"
          }
        }
      },
      "get": {
        "tags": [
          "Student"
        ],
        "description": "",
        "parameters": [],
        "responses": {
          "200": {
            "description": "OK"
          }
        }
      }
    },
    "/api/students/{s_id}": {
      "get": {
        "tags": [
          "Student"
        ],
        "description": "",
        "parameters": [
          {
            "name": "s_id",
            "in": "path",
            "required": true,
            "type": "string"
          }
        ],
        "responses": {
          "200": {
            "description": "OK"
          },
          "404": {
            "description": "Not Found"
          }
        }
      },
      "put": {
        "tags": [
          "Student"
        ],
        "description": "",
        "parameters": [
          {
            "name": "s_id",
            "in": "path",
            "required": true,
            "type": "string"
          },
          {
            "name": "body",
            "in": "body",
            "schema": {
              "type": "object",
              "properties": {
                "account": {
                  "example": "any"
                }
              }
            }
          }
        ],
        "responses": {
          "200": {
            "description": "OK"
          },
          "401": {
            "description": "Unauthorized"
          },
          "404": {
            "description": "Not Found"
          }
        }
      },
      "delete": {
        "tags": [
          "Student"
        ],
        "description": "",
        "parameters": [
          {
            "name": "s_id",
            "in": "path",
            "required": true,
            "type": "string"
          }
        ],
        "responses": {
          "200": {
            "description": "OK"
          },
          "404": {
            "description": "Not Found"
          }
        }
      }
    },
    "/api/students/{s_id}/courses": {
      "get": {
        "tags": [
          "Student"
        ],
        "description": "",
        "parameters": [
          {
            "name": "s_id",
            "in": "path",
            "required": true,
            "type": "string"
          }
        ],
        "responses": {
          "200": {
            "description": "OK"
          },
          "404": {
            "description": "Not Found"
          }
        }
      }
    },
    "/api/departments/": {
      "post": {
        "tags": [
          "Department"
        ],
        "description": "",
        "parameters": [
          {
            "name": "body",
            "in": "body",
            "schema": {
              "type": "object",
              "properties": {
                "name": {
                  "example": "any"
                }
              }
            }
          }
        ],
        "responses": {
          "200": {
            "description": "OK"
          },
          "404": {
            "description": "Not Found"
          }
        }
      },
      "get": {
        "tags": [
          "Department"
        ],
        "description": "",
        "parameters": [],
        "responses": {
          "200": {
            "description": "OK"
          }
        }
      }
    },
    "/api/departments/{d_id}": {
      "get": {
        "tags": [
          "Department"
        ],
        "description": "",
        "parameters": [
          {
            "name": "d_id",
            "in": "path",
            "required": true,
            "type": "string"
          }
        ],
        "responses": {
          "200": {
            "description": "OK"
          },
          "404": {
            "description": "Not Found"
          }
        }
      },
      "put": {
        "tags": [
          "Department"
        ],
        "description": "",
        "parameters": [
          {
            "name": "d_id",
            "in": "path",
            "required": true,
            "type": "string"
          },
          {
            "name": "body",
            "in": "body",
            "schema": {
              "type": "object",
              "properties": {
                "name": {
                  "example": "any"
                }
              }
            }
          }
        ],
        "responses": {
          "200": {
            "description": "OK"
          }
        }
      },
      "delete": {
        "tags": [
          "Department"
        ],
        "description": "",
        "parameters": [
          {
            "name": "d_id",
            "in": "path",
            "required": true,
            "type": "string"
          }
        ],
        "responses": {
          "200": {
            "description": "OK"
          },
          "404": {
            "description": "Not Found"
          }
        }
      }
    },
    "/api/": {
      "get": {
        "tags": [
          "Home"
        ],
        "description": "",
        "parameters": [],
        "responses": {
          "200": {
            "description": "OK"
          }
        }
      }
    }
  }
}